{
    "vision": {
        "positioning": {
            "left_top": {
                "xy": [
                    450,
                    35
                ],
                "wh": [
                    320,
                    400
                ]
            },
            "right_top": {
                "xy": [
                    1840,
                    35
                ],
                "wh": [
                    320,
                    400
                ]
            },
            "left_bottom": {
                "xy": [
                    450,
                    1520
                ],
                "wh": [
                    320,
                    400
                ]
            },
            "right_bottom": {
                "xy": [
                    1840,
                    1520
                ],
                "wh": [
                    320,
                    400
                ]
            }
        },
        "model": [1, 5],
        "color_classes": 3,
        "image": {
            "crop_area": [50, 150],
            "saturation_scale": 2,
            "alpha": 1.5,
            "beta": 0,
            "kernel_size": 7,
            "roi": [500, 300, 1210, 1585]
        }
    },
    "calibration": {
        "init_pose": [
            629.7,
            -476.97,
            402.02,
            180.0,
            0.0,
            -180.0
        ],
        "teaching_pose": [
            642.21,
            -439.645,
            -100,
            -179.79,
            0.57,
            179.59
        ],
        "ir_depth": 273.59999990463257
    },
    "area": {
        "roi_corners": {
            "left_top": [1331.64285714,  984.35714286],
            "right_top": [1346.9373183244263, 984.3272836568153],
            "left_bottom": [1331.5833333333333, 995.0],
            "right_bottom": [1346.0, 995.0]
        },
        "area_amount": [5, 5],
        "grasping_point": {
            "left_top": [640.9, -437.92],
            "right_top": [645.26, -437.92],
            "left_bottom": [640.9, -441.48],
            "right_bottom": [645.26, -441.48]
        }
    }
}