{
    "vision": {
        "positioning": {
            "left_top": {
                "xy": [
                    450,
                    35
                ],
                "wh": [
                    320,
                    400
                ]
            },
            "right_top": {
                "xy": [
                    1840,
                    35
                ],
                "wh": [
                    320,
                    400
                ]
            },
            "left_bottom": {
                "xy": [
                    450,
                    1520
                ],
                "wh": [
                    320,
                    400
                ]
            },
            "right_bottom": {
                "xy": [
                    1840,
                    1520
                ],
                "wh": [
                    320,
                    400
                ]
            }
        },
        "model": [3, 5],
        "color_classes": 3,
        "image": {
            "crop_area": [50, 150],
            "saturation_scale": 2,
            "alpha": 1.5,
            "beta": 0,
            "kernel_size": 7,
            "roi": [500, 300, 1210, 1585]
        },
        "cls": {
            "crop_value": 250 , 
            "alpha": 3.0,
            "beta": -200,
            "exposure_gray": 10,
            "exposure_area": 0,
            "vh_diff": 5,
            "vh_length": 50,
            "wb_ratio": 20
        }
    },
    "calibration": {
        "init_pose": [
            629.7,
            -476.97,
            402.02,
            180.0,
            0.0,
            -180.0
        ],
        "teaching_pose": [
            632.52,
            -440.87,
            -40.0,
            -179.79,
            0.57,
            179.59
        ],
        "ir_depth": 275.3999996185303
    },
    "area": {
        "roi_corners": {
            "left_top": [1294, 982],
            "right_top": [1312, 982],
            "left_bottom": [1294, 992],
            "right_bottom": [1312, 992]
        },
        "area_amount": [5, 5],
        "grasping_point": {
            "left_top": [629.53, -439.34],
            "right_top": [633.51, -439.34],
            "left_bottom": [629.53, -442.4],
            "right_bottom": [633.51, -442.4]
        }
    }
}