{
  "comment": "圍籬區定義, 畸變校正後圖片尺寸 (2160*2160)",
  "fenceDict": {
    "1": {
      "camID": "1",
      "data": [
        [729, 415],
        [1434, 1673]
      ]
    },
    "2": {
      "camID": "2",
      "data": [
        [424, 377],
        [1726, 1432]
      ]
    },
    "3": {
      "camID": "3_1",
      "data": [
        [359, 564],
        [1726, 758]
      ]
    },
    "4": {
      "camID": "2",
      "data": [
        [172, 375],
        [424, 1545]
      ]
    },
    "5": {
      "camID": "3_2",
      "data": [
        [727, 1017],
        [1583, 1400]
      ]
    },
    "6": {
      "camID": "3_2",
      "data": [
        [138, 1017],
        [727, 1737]
      ]
    },
    "7": {
      "camID": "3_2",
      "data": [
        [727, 1400],
        [1291, 1737]
      ]
    },
    "8": {
      "camID": "4",
      "data": [
        [669, 714],
        [1724, 1650]
      ]
    }
  }
}
