{
  "comment": "易誤判背景遮罩, 魚眼圖片尺寸 [2160*2160]",
  "comment_2": {
    "camID": "4",
    "data": [
      [1270, 775],
      [1807, 987]
    ]
  },
  "maskList": [
    {
      "camID": "2",
      "data": [
        [350, 450],
        [720, 680]
      ]
    },
    {
      "camID": "3",
      "data": [
        [465, 250],
        [725, 420]
      ]
    },
    {
      "camID": "3",
      "data": [
        [1621, 1060],
        [1909, 1140]
      ]
    }
  ]
}
